<component>
	<name>fwWiener</name>
	<version>3.2.3</version>
	<date>2009/01/23</date>
	<required>fwCore=3.0.0</required>
	<init>./scripts/fwWiener/fwWiener.init</init>
	<config>./config/fwWiener.config</config>
	<postInstall>./scripts/fwWiener/fwWiener.postInstall</postInstall>
	<dplist>./dplist/fwWienerDPTs.dpl</dplist>
	<dplist>./dplist/fwWienerDPs.dpl</dplist>
	<dplist>./dplist/fwWienerDPsWithValues.dpl</dplist>
	<file>./dplist/fwWienerAsciiManagerConfig.dpl</file>

	<help>fwWiener/fwWiener.htm</help>

	<file>./fwWiener.xml</file>
	<file>./scripts/libs/fwWiener/fwWiener.ctl</file>

	<file>./panels/fwWiener/fwWienerCanBusConfiguration.pnl</file>
	<file>./panels/fwWiener/fwWienerCanBusOperation.pnl</file>
	<file>./panels/fwWiener/fwWienerCanBusSettings.pnl</file>
	<file>./panels/fwWiener/fwWienerChannelConfiguration.pnl</file>
	<file>./panels/fwWiener/fwWienerChannelOperation.pnl</file>
	<file>./panels/fwWiener/fwWienerCrateChannelUpgrade.pnl</file>
	<file>./panels/fwWiener/fwWienerCrateConfiguration.pnl</file>
	<file>./panels/fwWiener/fwWienerCrateOperation.pnl</file>
	<file>./panels/fwWiener/fwWienerDriverConfiguration.pnl</file>
	<file>./panels/fwWiener/fwWienerDriverOperation.pnl</file>
	<file>./panels/fwWiener/fwWienerFansDetail.pnl</file>
	<file>./panels/fwWiener/fwWienerFanTrayConfiguration.pnl</file>
	<file>./panels/fwWiener/fwWienerFanTrayOperation.pnl</file>
	<file>./panels/fwWiener/fwWienerGeneralDetail.pnl</file>
	<file>./panels/fwWiener/fwWienerManageDrivers.pnl</file>
	<file>./panels/fwWiener/fwWienerManageGroups.pnl</file>
	<file>./panels/fwWiener/fwWienerMarathonChannelConfiguration.pnl</file>
	<file>./panels/fwWiener/fwWienerMarathonChannelOperation.pnl</file>
	<file>./panels/fwWiener/fwWienerMarathonRCMChannelOperation.pnl</file>
	<file>./panels/fwWiener/fwWienerMarathonConfiguration.pnl</file>
	<file>./panels/fwWiener/fwWienerMarathonOperation.pnl</file>
	<file>./panels/fwWiener/fwWienerMarathonSettings.pnl</file>
	<file>./panels/fwWiener/fwWienerMigrateOpcServer.pnl</file>
	<file>./panels/fwWiener/fwWienerPSConfiguration.pnl</file>
	<file>./panels/fwWiener/fwWienerPSOperation.pnl</file>
	<file>./panels/fwWiener/fwWienerTemperaturesDetail.pnl</file>
	<file>./panels/objects/fwWiener/fwWienerChannelsOverview.pnl</file>
	<file>./panels/objects/fwWiener/fwWienerChannelBehaviour.pnl</file>
	<file>./panels/objects/fwWiener/fwWienerChannelSettings.pnl</file>
	<file>./panels/objects/fwWiener/fwWienerFansOverview.pnl</file>
	<file>./panels/objects/fwWiener/fwWienerFansTable.pnl</file>
	<file>./panels/objects/fwWiener/fwWienerGeneralOverview.pnl</file>
	<file>./panels/objects/fwWiener/fwWienerGroupsOverview.pnl</file>
	<file>./panels/objects/fwWiener/fwWienerInhibitsSettings.pnl</file>
	<file>./panels/objects/fwWiener/fwWienerSupervisionBehaviour.pnl</file>
	<file>./panels/objects/fwWiener/fwWienerTemperaturesOverview.pnl</file>
	<file>./panels/objects/fwWiener/fwWienerDriverDetails.pnl</file>
	<file>./panels/objects/fwWiener/fwWienerTripsOverview.pnl</file>
	<file>./panels/fwWiener/fwWienerCANOperation.pnl</file>
	<file>./panels/fwWiener/fwWienerTCPIPOperation.pnl</file>
	<file>./panels/fwWiener/fwWienerPL508Operation.pnl</file>
	<file>./panels/fwWiener/fwWienerPL508ChannelOperation.pnl</file>
	<file>./panels/fwWiener/fwWienerPL512Operation.pnl</file>
	<file>./panels/fwWiener/fwWienerPL512ChannelOperation.pnl</file>
	<file>./panels/fwWiener/fwWienerRCMOperation.pnl</file>
	<file>./panels/fwWiener/fwWienerRCMChannelOperation.pnl</file>
	<file>./panels/fwWiener/fwWienerVMEOperation.pnl</file>
	<file>./panels/fwWiener/fwWienerVMEChannelOperation.pnl</file>
	<file>./panels/fwWiener/fwWienerUnifiedTemperaturesDetail.pnl</file>

	<file>./help/en_US.iso88591/fwWiener/fwWiener.htm</file>
      <file>./help/en_US.iso88591/fwWiener/panels/fwWiener/*</file>
 	<file>./help/en_US.iso88591/fwWiener/panels/objects/fwWiener/*</file>
 </component>