<?xml version="1.0"?>
<ROOT name="WIENER" version="1.1">
<PORT_BRANCH PortID="CAN0" BaudRate="1000000" ReadQueueLenght="100" WriteQueueLenght="0">
<CRATE_BRANCH  CrateID="4">
<CHANNEL_BRANCH ChannelID="0"/>
<CHANNEL_BRANCH ChannelID="1"/>
<CHANNEL_BRANCH ChannelID="2"/>
<CHANNEL_BRANCH ChannelID="3"/>
<CHANNEL_BRANCH ChannelID="4"/>
<CHANNEL_BRANCH ChannelID="5"/>
<CHANNEL_BRANCH ChannelID="6"/>
<CHANNEL_BRANCH ChannelID="7"/>
<FANS_BRANCH>
<Fan FanID="1"/>
<Fan FanID="2"/>
<Fan FanID="3"/>
<Fan FanID="4"/>
<Fan FanID="5"/>
<Fan FanID="6"/>
</FANS_BRANCH>
<TEMPERATURES_BRANCH>
<Temp TempID="1"/>
<Temp TempID="2"/>
<Temp TempID="3"/>
<Temp TempID="4"/>
<Temp TempID="5"/>
<Temp TempID="6"/>
<Temp TempID="7"/>
<Temp TempID="8"/>
</TEMPERATURES_BRANCH>
</CRATE_BRANCH>
</PORT_BRANCH>
</ROOT>
